bikefreq,count,weight,%
Once a Week or More,234,416773.81119,0.06656452629815393
Several Times a Month,166,502289.77603999997,0.0802226054248551
At Least Once a Month,105,286034.8948,0.045683718040585776
A Few Times a Year,434,860063.84002,0.13736405829732756
Never,2089,3806897.51699,0.608014042822223
Physically Unable to Ride a Bike,133,389140.14792,0.06215104911685455
