Type,Counts,Pct
E-Bikes,3331,0.291247705
E-Scooters,961,0.084025531
Other Micromobility,175,0.015301215
Manual Bikes,6970,0.609425549
