TM,PWGTP,% TM
Subway,432815,0.22426739955210254
Rail,21744,0.011266869992631766
Bus,249071,0.12905861736271093
Drive Alone,720705,0.3734404680849741
Carpool,134727,0.06981013583044977
Other,259940,0.1346904978791713
Work From Home,110904,0.05746601129795959
