MN,TT,PWGTP,TOTAL,% TT
Manhattan Bound,0,65890,1898669,0.03470325791383332
Manhattan Bound,30 to 60 Mins,1188359,1898669,0.62589055806989
Manhattan Bound,Less Than 30 Mins,425148,1898669,0.22391896639171968
Manhattan Bound,More Than 60 Mins,219272,1898669,0.11548721762455699
Non-Manhattan Bound,0,110904,2081752,0.05327435736821677
Non-Manhattan Bound,30 to 60 Mins,1057465,2081752,0.5079687686141289
Non-Manhattan Bound,Less Than 30 Mins,690203,2081752,0.3315490990281263
Non-Manhattan Bound,More Than 60 Mins,223180,2081752,0.10720777498952805
