MN,TT,PWGTP,TOTAL,% TT
Manhattan Bound,30 to 60 Mins,867225,1898669,0.45675417884844594
Manhattan Bound,Less Than 30 Mins,425148,1898669,0.22391896639171968
Manhattan Bound,More Than 60 Mins,606296,1898669,0.3193268547598344
Non-Manhattan Bound,30 to 60 Mins,790257,2081752,0.37961150031319774
Non-Manhattan Bound,Less Than 30 Mins,690203,2081752,0.3315490990281263
Non-Manhattan Bound,More Than 60 Mins,601292,2081752,0.28883940065867597
