RES,TOTAL,% RES
New York City,3690952,0.7778954272389601
New York State,512243,0.1079590000994775
New Jersey,426675,0.08992491135543981
Pennsylvania,68643,0.0144670198398581
Connecticut,46279,0.009753641466264486
