cyclingfreq,wt21_dual,%
Once a Week or More,496948.63853356417,0.07730711624539352
Several Times a Month,276502.8387069188,0.04301377534139949
At Least Once a Month,284155.29386564135,0.04420421876884047
A Few Times a Year,655227.8688828871,0.10192960217463125
Never or Unable,4715404.60458604,0.7335452874697352
